{"storage":[{"id":0,"label":"微信余额","class":"weixin"},{"id":8,"label":"校园卡","class":"xiaoyuanka"},{"id":4,"label":"农行7896","class":"nongyeyinhang"},{"id":1,"label":"微信零钱通","class":"weixin"},{"id":2,"label":"支付宝余额","class":"zhifubao"},{"id":3,"label":"支付宝理财通","class":"zhifubao"},{"id":5,"label":"工商6547","class":"gongshangyinhang"},{"id":6,"label":"工商2587","class":"gongshangyinhang"},{"id":7,"label":"中国银行6987","class":"zhongguoyinhang"},{"id":9,"label":"现金","class":"xianjin"}],"account":[{"id":0,"label":"个人账本"},{"id":1,"label":"私有账本"}],"bargain":[{"id":"expenses","label":"支出"},{"id":"receipts","label":"收入"},{"id":"transfer","label":"转移"}],"expensesType":[{"id":0,"label":"餐饮","subType":["早饭","午饭","晚饭"]},{"id":2,"label":"充话费","subType":["150","139"]},{"id":3,"label":"理发","subType":["理发"]},{"id":4,"label":"其他","subType":["其他"]}],"receiptsType":[{"id":0,"label":"生活费"},{"id":1,"label":"兼职收入"},{"id":2,"label":"其他"}],"transferType":[{"id":"transfer","label":"转移","subType":["转入","转出"]}],"logBooks":["logs20217","logs20218"]}