[{"bargainType":"receipts","logDate":1629102021880,"type":2,"storageId":0,"accountId":0,"bargainDate":"2021-01-01","amount":10,"comment":""},{"bargainType":"receipts","logDate":1629102045280,"type":2,"storageId":0,"accountId":0,"bargainDate":"2021-08-16","amount":30,"comment":""},{"bargainType":"expenses","logDate":1629102067041,"type":2,"subType":"150","storageId":0,"accountId":0,"bargainDate":"2021-08-16","amount":10,"comment":""},{"bargainType":"receipts","logDate":1629102086160,"type":2,"storageId":0,"accountId":0,"bargainDate":"2021-08-16","amount":2,"comment":""},{"bargainType":"transfer","logDate":1629105870221,"type":"transfer","subType":"转出","storageId":0,"accountId":0,"bargainDate":"2021-8-16","amount":2},{"bargainType":"transfer","logDate":1629105870222,"type":"transfer","subType":"转入","storageId":8,"accountId":0,"bargainDate":"2021-8-16","amount":2},{"bargainType":"expenses","logDate":1629106297609,"type":4,"subType":"其他","storageId":0,"accountId":0,"bargainDate":"2021-01-01","amount":1,"comment":""},{"bargainType":"expenses","logDate":1629106305545,"type":4,"subType":"其他","storageId":0,"accountId":0,"bargainDate":"2021-12-31","amount":1,"comment":""}]